Length(cm,Width(cm),Area(cm^2),L/W Ratio,Leaf Tip Angle,Fluctuating Asymmetry,Roundness,Circularity,Solidity,
6.723049,6.520199,25.757991,1.031111,21.857908,0.002535,0.725587,0.489961,0.796691,
10.490275,11.432082,63.020837,0.917617,23.774612,0.612111,0.729156,0.418118,0.729551,
10.185999,12.714387,71.069490,0.801140,39.214914,0.001601,0.872140,0.367961,0.783572,
6.179699,6.491220,22.940114,0.952009,33.424811,0.002990,0.764841,0.408238,0.781343,
9.287661,10.569966,51.723980,0.878684,25.887026,0.429470,0.763465,0.454274,0.730032,
9.715096,12.004410,68.918123,0.809294,28.962080,0.001500,0.929714,0.424197,0.754165,
8.584928,9.823766,43.020522,0.873894,39.256400,0.000000,0.743212,0.365600,0.732765,
9.997638,11.895740,58.822390,0.840438,29.492211,0.125413,0.749304,0.430050,0.710508,
